testReq,
ما هو حق المؤلف؟,"يهدف حق المؤلف إلى حماية المؤلفين (الكتاب، الفنانون، الملحنون) في ابتكاراتهم. ويطلق على هذه
الابتكارات عادة اسم ""المصنفات""."
ما هي المصنفات التي تشملها الحماية بموجب حق المؤلف؟,تشمل المصنفات المحمية بحق المؤلف ما يلي ذكره على سبيل المثال لا الحصر: الروايات وقصائد الشعر والمسرحيات والمراجع والصحف وقواعد البيانات والأفلام والمؤلفات الموسيقية وتصاميم الرقصات والألواح الزيتية والرسوم والصور الشمسية والمنحوتات ومصنفات الهندسة المعمارية والإعلانات والخرائط والرسوم التقنية. كما تشمل الحماية بحق المؤلف برامج الحاسوب أيضًا.
ما هي الابتكارات الفكرية المحمية بموجب حق المؤلف؟,"1 -المصنفات الأدبية والفنية والعلمية 
2 -منجزات الفنانين القائمين بالأداء والفونوغرامات وبرامج الإذاعة والتلفزيون
3 -الاختراعات في جميع مجالات الاجتهاد الإنساني
4 -الاكتشافات العلمية
5 -الرسوم والنماذج الصناعية
6 -العلامات التجارية وعلامات الخدمة والأسماء والسمات التجارية
7 -الحماية من المنافسة غير المشروعة
8 -وجميــع الحقـوق الأخــرى الناتجـة عــن النشــاط الفكــري فــي المجــالات الصــناعية
والعلمية والأدبية والفنية."
ما هي فئات الحقوق التي يشملها حق المؤلف؟,حقوق مالية تتيح لصاحبها الأنتفاع المالي بالمصنف وهناك حقوق معنوية التي تبين العلاقة الشخصية بين المؤلف والمصنف
ماهي الحقوق المالية التي ينطوي عليها حق الؤلف؟,تتيح الحقوق المالية لأصحابها الانتفاع بالمصنف أو التصريح للغير بالانتفاع به بناء على شروط متفق عليها
ما هي صلاحيات أصحاب الحقوق المالية؟,"يمكنهم منع أو التصريح بـ: 
- استنساخ المصنف بكل الأشكال، ومنها الطباعة والتسجيل الصوتي والتسـجيل علـى أقـراص الفيـديو أو
الأقراص المدمجة، أو التخزين في ذاكرة الحاسوب.
- توزيع المصنف من خلال بيع نسخ منه للعامة.
- أداء المصنف علناً خلال حفلة موسيقية أو مسرحية مثلا.
ٕ - إذاعة المصنف ونقله إلى الجمهور من خلال الراديو أو التلفزيون أو الكبل أو الساتل.
- ترجمة المصنف إلى لغات أخرى.
- تحوير المصنف كتحويل رواية إلى سيناريو."
"ماهي الحقوق المعنوية التي تشمل حق الؤلف؟
",تشمل الحقوق المعنوية الحق في أبوة المصنف بأن يذكر اسم المؤلف على المصنف وكذلك الحق في احترام المصنف بأن يمنح المؤلف الحق بالاعتراض على كل استعمال أو تعديل للمصنف يسيء إلى سمعة المؤلف أو شرفه.
ماهي طرق الانتفاع بالحقوق المالية؟,"ينقل المبدعون والمؤلفون حقوقهم إلى شركات بواسطة عقود ومقابل مكافآت ، وتتخذ هذه المكافآت أشكالاً متعددة تتراوح بين مبلغ مقطوع من المال ، أو إتاوات بطريقة نسبية بالاستناد إلى الأرباح التي يحققها المصنف "
ماﻫﻲ مدة الحماية المالية في معاهدات الويبو بموجب حق المؤلف؟,تبدأ المدة بمجرد إيداع المصنف وتثبيته.
ماﻫﻲ مده الحماية المالية في معاهدات الويبو بموجب حق المؤلف بعد وفاته؟,مدة ﻻ تقل ﻋـن خمسين سنة بعد وﻓـﺎة المبدع وقد تنص القوانين الوطنية ﻋﻠﻰ مدة أطول للحماية.
هل هناك حد يمكن استخدام مصنف شخص آخر بدون تصريحه؟,تنص الاتفاقيات الدولية والتشريعات الوطنية ﻋﻠـﻰ حرية استعمال مقتطفات من المصنفات بشكل مقتطفات صحفية أو للتوضيح في ﻷﻏــــراض التعليمية.وذلك وفقاً لقواعد حسن الأستعمال وتختلف قواعد حرية الاستعمال ﻫـذﻩ من بلد لآخر لذا ننصحك بالعودة إلى قانونك الوطني لمعرفة كيف يمكن أن تستفيد من ﻫذﻩ الحرية ﻓﻲ بلدك.
ما ﻫﻲ الفائدة المستمدة من حماية حق المؤلف؟,تسهم حماية حق المؤلف والحقوق المجاورة بشكل أساسي ﻓــﻲ النهوض بالنشاط الإبداعي والابتكاري.
ما هي الحقوق المجاورة؟,هناك فئات من المبدعين تستفيد من الحقوق المجاورة. على سبيل المثال فنانو الأداء(ممثلين والموسيقيين) في أدائهم وكذلك منتجو التسجيلات الصوتية (شرائط الكاسيت والأقراص المدمجة) في تسجيلاتهم وايضاً هيئات الأذاعة في برامجها التلفزيونيه.ويطلق على هذه الحقوق في بعض الأحيان اسم الحقوق المشابهة
ما معنى الحقوق المشابهة؟,حقوق فناني الأداء(مثل الممثلين والموسيقيين) في أدائهم وكذلك منتجي التسجيلات الصوتية (شرائط الكاسيت والأقراص المدمجة) في تسجيلاتهم وأيضاً هيئات الإذاعة في برامجها التلفزيونية. ويطلق على هذه الحقوق في بعض الأحيان اسم الحقوق المجاورة.
"هل هناك فرق بين الحقوق المجاورة وحق المؤلف؟
",نعم هناك فرق تعود الحقوق المترتبة ﻋﻠﻰ حق المؤلف إلى المؤلفين. أما الحقوق المجاورة فتخص ﻓﺌﺎت أخرى من أصحاب الحقوق.
ما ﻫﻲ الحقوق التي تنطوي ﻋﻠﻴﻬﺎ الحقوق المجاورة؟,تختلف الحقوق الممنوحة لفناني اﻷداء ومنتجي التسجيلات الصوتية وﻫﻴﺌﺎت اﻹذاﻋﺔ من بلد لآخر. وعلى المستوى الدولي تنبثق ﻫـذﻩ االحقوق ﻋـن الاتفاقية الدولية لحماية فناني اﻷداء ومنتجي التسجيلات وهيئات الأذاعة المعروفة باتفاقية روما لسنة 1961 وعن اتفاق تريبس وعن معاهدة الويبو بشأن الأداء والتسجيل الصوتي.
ماهي الحقوق التي تنطوي عليها الحقوق المجاورة فنانوا الأداء؟,يتمتع فنانوا اﻷداء بصورة عامة بالحق الاستئثاري بمنع تثبيت أدائهم ﻏﻴـر المثبت أو إذاﻋﺘـﻪ أو نقله إلى الجمهور. وتمنحهم بعض التشريعات الدولية كمعاهدة الويبو بشأن اﻷداء والتسجيل الصوتي حق استنساخ وتزيع وتأجير أوجه أدائهم المثبتة ﻓـــﻲ تسجيلات صوتية إضافة إلى الحق ﻓـــﻲ الاعتراض ﻋﻠـــﻰ كل تحريف أو تشوية أو تعديل أخر لأدائهم يكون ضاراً بسمعتهم.
ماهي الحقوق التي تنطوي عليها الحقوق المجاورة لمنتجي التسجيلات الصوتية؟,يتمتع منتجوا التسجيلات الصوتية بالحق الاستئثاري ﻓﻲ التصريح باستنساخ أو توزيع تسجيلاتهم الصوتية .أما معاهدة الويبو بشأن الأداء والتسجيل الصوتي فتحمي منتجي التسجيلات الصوتية وفناني الأداء عندما يتم توزيع مصنافاتهم بواسطة تكنولوجيا جديدة كالأنترنت مثلاً.
ماهي الحقوق التي تنطوي عليها الحقوق المجاورة لهيئات الأذاعة؟,يحق لها أن تجيز أو تحظر إﻋﺎدة بث برامجها وتثبيتها واستنساخها.
ماهي استثناءات وتقييدات الحقوق المجاورة؟,"وتعرف الحقوق المجاورة اﺴــﺘﺜﻨﺎءات وتقيدات ﻴﻌرﻓﻬــﺎ ﺤــق المؤلف. ﻓﻴﺴــﻤﺢ بالنسبة للأعمال المؤداة والتسجيلات الصوتية وﺒرامج البث اﻹذاﻋﻲ ﺒﺎﻻﻨﺘﻔﺎع الخاص،وبالأنتفاع 
ﺒﻤﻘﺘطﻔﺎت ﻗﺼـﻴرة للتعليق ﻋﻠﻰ اﻷﺤداث الجارية، وﺒﺎﻻﻨﺘﻔﺎع المقصورﻋﻠﻰ أﻏراض التعليم أو البحث العلمي."
ماهو سبب الحماية بموجب الحقوق المجاورة لفناني الأداء؟,ﻴﺘﻤﺘـﻊ ﻓﻨــﺎﻨو اﻷداء ﺒﺎلحماية ﻷﻨﻬــم ﻴﺴــﺎﻫﻤون ﻓــﻲ ﻋﻤﻠﻴــﺔ اﻻﺒﺘﻜــﺎر الذهني.
"ماهو سبب الحماية بموجب الحقوق المجاورة لمنتجو التسجيلات الصوتية؟
",لأنهم ﻴﺴﺎﻫﻤون ﻓﻲ ﻋﻤﻠﻴﺔ اﻻﺒﺘﻜﺎر وﻷن العمل ﻻ ﻴظﻬـر إلى الوجود إﻻ ﺒﻔﻀـل ﻤﻬـارﺘﻬم التقنية وﺘﻤـوﻴﻠﻬم للعمل.
ماهو سبب الحماية بموجب الحقوق المجاورة لهيئات الإذاعة ؟,لها ﻤﺼــﻠﺤﺔ ﻓــﻲ ﺤﻤﺎﻴـﺔ التقنية والتنظيمية ﻤـن أﻋﻤــﺎل القرصنة على برامجها.
ما معنى حماية الفولكلور؟,"حماية أشكال التعبير الثقافي الشفهي وغير المدون.
"
لماذا يحمى الفن الشعبي؟,تسمح هذه الحماية للدول وللسكان الأصليين بالاستفادة من العائد المادي ومن الأرباح الناتجة عن هذه الحماية.
ماذا يحمي حق المؤلف؟,"إن حق المؤلف هو جزء من حقوق الملكية الفكرية التي تحمي إنتاج الفكر البشري. وحق المؤلف يحمي المصنفات الأدبية والفنية التي تشمل: الكتابات، والمصنفات الموسيقية، والمصنفات الفنية كالرسم والنحت، والمصنفات التي تستعمل تقنيات المعلوماتية كبارمج الحاسوب وقواعد البيانات الإلكترونية. ويجب الانتباه إلى أن حق المؤلف يحمي المصنفات، أي التعبير عن الفكرة وليس الفكرة بحد ذاتها."
ماذا يقصد بالمصنفات المشتقة؟,"""المصنفات المشتقة"" التي تنص عليها المادة الثانية من اتفاقية برن هي المصنفات التي تجد أساسها ومصدرها في مصنف آخر. من الأمثلة عن المصنفات المشتقة: ترجمة المصنف إلى لغة أخرى؛ تحوير المصنف ، كتحويل رواية إلى فيلم سينمائي؛ التعديلات الموسيقية؛ كإعادة توزيع مقطوعة بيانو لكي تعزفها الأوركسترا؛ مجموعات المصنفات الأدبية والفنية لدوائر المعارف والمختارات الأدبية."
ما هي الأشياء التي يمكن حمايتها بواسطة حق المؤلف؟,"يحمي حق المؤلف المصنفات الأدبية والفنية كما يدل عنوان اتفاقية برن. ومفهوم المصنفات الأدبية والفنية مفهوم يجب أن يفسر بشكل واسع. فمثلاً ""المصنفات الأدبية"" لا تشمل فقط الروايات والقصائد والقصص القصيرة بل تشمل أيضًا الكتيبات التي تشرح كيفية استعمال السيارات، أو الأشياء المكتوبة والتي لا يمكن فهمها من العامة كبرامج الحاسوب."
ما هي الحقوق التي يحميها حق المؤلف؟,"أهم ما يميز حقوق الملكية الفكرية هو أن استخدامها محصور بالمالك، الذي يستخدمها كيفما يشاء وأنه لا يمكن لأحد أن يستخدم هذه الملكية من دون أن يصرح له المالك بذلك. إن حق المؤلف فرع من فروع الملكية الفكرية ومالك حق المؤلف على مصنف محمي يمكنه أن يستغل مصنفه كيفما يشاء، ويمكنه أن يمنع الآخرين من استغلال هذا المصنف من دون تصريحه. لذا، فإن الحقوق التي تمنحها التشريعات الوطنية لمالك حق المؤلف على مصنف محمي هي حقوق استئثارية باستغلال أو بمنع الآخرين من استغلال المصنف مع مراعاة حقوق الآخرين المعترف بها قانوًنًا."
ما هي الحقوق التي يملكها صاحب حق المؤلف؟,"يملك صاحب حق المؤلف مجموعة من الحقوق تحكم جزًءًا منها اتفاقية برن التي توفر الحد الأدنى من الحقوق ويحكم الجزء الآخر القانون الوطني الذي غالبًا ما يوسع هذه الحقوق. - يعتبر حق النسخ حجر الزاوية لنظام حق المؤلف ويغطي حق المؤلف على سبيل المثال حق السماح بالنسخ التصويري (فوتوكوبي)، أو طباعة النص، أو نسخ شريط. - وحق الأداء العلني: حق أداء المصنف أمام الجمهور كما في الأغنيات، وحق نقل المصنف إلى الجمهور وبثه."
ما المقصود بالضبط بالحقوق المعنوية ؟,"* حق الأبوة، وهو حق المطالبة بنسبة المصنف إلى المؤلف والاعتراف بأبوته لهذا المصنف. - الحق في احترام المصنف، أي الحق في الاعتراض على كل تشويه يطال المصنف وكل استعمال له يسيء إلى سمعة وشهرة المؤلف الأدبية والفنية."
كيف يمكن اكتساب حق المؤلف؟,"في الحقيقة إن اكتساب حق المؤلف لأمر في غاية السهولة. لأنه وبموجب اتفاقية برن التي تقوم على مبدأ غياب الإجارءات الشكلية لا ينبغي على المؤلف أن يقوم بأي إجراء. فالمصنف يتمتع بالحماية بمجرد إبداعه. ولكن، وبموجب بعض القوانين الوطنية، وخاصة في البلدان ذات النظام القانوني الإنكليزي، فإنه يجب تثبيت المصنف قبل منحه الحماية."
ما المقصود بتثبيت المصنف ؟,"التثبيت يعني كتابة العمل أو تسجيله. ولا يتحتم عليك كمؤلف أن تقوم بالتسجيل بنفسك: فإذا قمت أنت مثلاً بتأليف لحن ما وصرت تدندن به بطريقة عفوية في الشارع وقام شخص آخر بتسجيله يصبح هذا العمل مثبتً وبالتالي فإنه يتمتع بالحماية. فإذا قام شخص ثالث باستخدام هذا التسجيل وقام بإعداد نسخ منه مثلاً، فيكون قد تعرض لحقوق المؤلف الخاصة بك."
"تصور أنك مواطن ينتمي إلى إحدى الدول الموقعة على اتفاقية برن وقد ابتكرت مصنفا أدبياً، ما هي الخطوات التي يجب أن تتبعها من أجل الحصول على حق المؤلف؟",في الدول الموقعة على اتفاقية برن ليس هناك ما يجب فعله إذ إن اتفاقية برن تقوم على مبدأ غياب الشكليات فالابتكار يساوي الحماية.
هل يوجد مكان ما في العالم يجب الالتزام فيه ببعض الشروط الشكلية من أجل الحصول على حق المؤلف؟,"في الدول الموقعة على اتفاقية برن، يتمتع أصحاب حق المؤلف أو الأجانب الذين ينتمون إلى دولة عضو في الاتفاقية بالحماية بموجب هذه الاتفاقية وذلك دون اللجوء إلى أي إجراءات شكلية أو إلى أي تسجيل. ولكن يحق للبلدان أن تفرض بعض الإجرءات على مواطنيها لأن الاتفاقيات الدولية لا ترعى إلا معاملة الأجانب وهذا ما تفعله مثلاً الولايات المتحدة الأمريكية، حيث يشترط تسجيل المصنف في مكتب حق المؤلف التابع لمكتبة الكونغرس، والمطالبة بحق المؤلف من خلال الحصول على إشعار بالحقوق المحفوظة، مع علامة وتاريخ سنة النشر لأول مرة. وهذا ما نراه على معظم الكتب المنشورة. هذا مهم خاصة بالنسبة للمواطنين الأمريكيين الذين يتوجب عليهم أن يتقيدوا بكل هذه الإجراءات."
ما هي مدة الحماية بموجب حق المؤلف؟,"من حيث المبدأ إن القوانين الوطنية هي التي تحدد مدة الحماية، ولكن اتفاقية برن تنص على أن الحد الأدنى للحماية هو 50 عامًا. وتسري مدة الحماية بدءًا من نهاية سنة وفاة المؤلف. ولطريقة الحساب هذه فوائد عملية، إذ إنه ليس من الضروري معرفة التاريخ الدقيق لوفاة المؤلف ولكن ينبغي معرفة سنة الوفاة فقط. ولكن وفي السنوات الأخيرة، بدأ يظهر اتجاه لإطالة مدة الحماية. ففي دول الاتحاد الأوربي ودول المنطقة الاقتصادية الأوروبية أصبحت مدة الحماية 70 عامًا منذ نهاية سنة وفاة المؤلف، وهذه المدة نفسها يتضمنها قانون حق المؤلف الأميركي مما يؤكد أن ثمة اتجاها لإطالة مدة الحماية من 50 عامًا إلى 70 عامًا. أما بالنسبة لمصنفات التصوير الفوتوغرافي ولمصنفات الفن التطبيقي فتنص اتفاقية برن على مدة حماية أقل من خمسين سنة وتشترط على ألا تقل هذه المدة عن خمس وعشرين سنة من تاريخ إنجاز المصنف."
ما هو الحد الأدنى لمدة حماية حق المؤلف في ظل اتفاقية برن؟,إن الحد الأدنى للحماية بموجب اتفاقية برن هو 50 عامًا من تاريخ نهاية سنة وفاة المؤلف. وقد تم تمديد هذه المدة في بعض البلدان كبلدان الاتحاد الأوروبي والولايات المتحدة الأمريكية لتصبح 70 عامًا من نهاية سنة وفاة المؤلف. وتنص اتفاقية برن على مدة أقصر للحماية في ما يتعلق بمصنفات التصوير الفوتوغرافي ومصنفات الفن التطبيقي بحيث تبلغ مدة حماية هذه المصنفات 25 سنة.
ما هي الاتفاقيات والمعاهدات الدولية الرئيسية التي تحكم مجال حق المؤلف؟,"إن أقدم هذه الاتفاقيات وأهمها هي اتفاقية برن لحماية المصنفات الأدبية والفنية. ويعود تاريخ إبارمها إلى العام 1886. وقد تمت مراجعتها عدة مرات بمعدل مرة كل عشرين سنة تقريبًا. أما آخر تعديل لهذه الاتفاقية فهو وثيقة باريس للعام 1971. تتناول اتفاقية برن حماية حق المؤلف، وهي ترتكز على قواعد عامة مثل مبدأ المعاملة الوطنية الذي يقضي بأنه، وبموجب القوانين الوطنية، يجب أن تتمتع المصنفات المنشورة في إحدى دول الاتحاد بالحماية نفسها التي تتمتع بها المصنفات الوطنية. كما تحدد هذه الاتفاقية الحد الأدنى المطلوب من الحماية الذي يجب أن تلتزم به القوانين الوطنية التي يمكنها بالطبع أن تتجاوز هذا الحد وتؤمن حماية أكثر. أما بالنسبة إلى اتفاق تريبس، الذي ظهر نتيجة جولة أوروغواي، فتديره منظمة التجارة العالمية، وهو يتضمن بشكل صريح القواعد التي تقوم عليها اتفاقية برن باستثناء ما يتعلق بالحقوق المعنوية لأن لا صلة لهذه الحقوق بالتجارة."
ماذا تغطي معاهدة الويبو بشأن حق المؤلف؟,"تعتبر معاهدة الويبو بشأن حق المؤلف تحديثاً لاتفاقية برن واستجابة للتطو ارت المحققة في مجال التكنولوجيا وفي الأسواق، وتعالج هذه المعاهدة مسائل حق المؤلف في محيط التكنولوجيا الرقمية. وتشمل الحماية الممنوحة بموجب هذه المعاهدة أوجه التعبير وليس الأفكار أو الإجارءات أو أساليب العمل أو مفاهيم الرياضيات. ويتمتع المؤلفون بموجب هذه المعاهدة بحقوق التوزيع والتأجير ونقل المصنف إلى الجمهور."
ما هي الفوائد التي تجنيها البلدان النامية من تأمين الحماية لحق المؤلف؟,"في الواقع إن فوائد حق المؤلف الثقافية والاقتصادية لكثيرة. فحق المؤلف يرتبط ارتباطًا وثيقا بالثقافة، ومن المؤكد أنه في حال لم توجد حماية بموجب حق المؤلف فإن المجتمع الفني سيكون عرضة للاحتيال ولن يتمكن الفنانون من الاستفادة من جهودهم. قد تستثمر مبالغ ضخمة من المال لإنتاج برنامج حاسوب أو فيلم سينمائي أو برنامج تلفزيوني ما. ولكنه إذا كان بمستطاع أي كان عند صدور أول نسخة من هذا البرنامج أن ينسخه وأن يسوقه دون أي رادع فعندها تنعدم إمكانية تسويق هذا البرنامج والانتفاع منه مما يؤثر سلباً على النشاطات الابتكارية ويضر كثياًرً بالحياة الثقافية الوطنية."
ما هو مفهوم الحقوق المجاورة؟,تختلف الحقوق المجاورة عن حق المؤلف وٕإن كانت تنطوي على حقوق مشابهة له لأنها مشتقة أصلاً من مصنف محمي بموجب حق المؤلف. وهذا ما يفسر الاتصال الوثيق بينهما. ولا تتناول الحقوق المجاورة المصنفات ذاتها بل تتناول الوسطاء في عملية نقل هذه المصنفات إلى الجمهور وهي تمنح هؤلاء الحقوق الاستئثارية ذاتها التي يمنحها حق المؤلف.
ما هي الفئات الثلاث من الأشخاص أو المؤسسات التي تتمتع بالحماية بموجب الحقوق المجاورة؟,فنانو الأداء (المغنون مثلاً). منتجو التسجيلات الصوتية. (شركات إنتاج الأشرطة). هيئات البث.
ما هي الحقوق المجاورة التي تتمتع بها هيئات البث بمناسبة نقل برنامج رياضي؟,"تتمتع حقوق البث بأهمية خاصة عندما يتعلق الأمر بالبرامج الرياضية. ففي عدد كبير من الدول، لا تتمتع هذه البرامج بالحماية بموجب حق المؤلف. ولكن ثمة بعض الدول وفي مقدمها الولايات المتحدة الأمريكية، والتي تعتبر أن المباراة الرياضية المصورة هي مصنف سمعي-بصري يتمتع بعنصر الابتكار الكافي المطلوب للحماية بموجب حق المؤلف. غير أن بلدانًا أخرى تعتبر أن عنصر اللعب هو العنصر الحاسم الأهم، وبالتالي ترى هذه الدول أن المباراة الرياضية المصورة تفتقر لعنصر الابتكار إذ يكتفي فيها المصور، مهما كانت قدرته عالية في مجال التصوير، بتصوير اللاعبين أثناء اللعب . وبالتالي فإن هذه الدول لا تعتبر عمل المصور هذا مصنفا فنيًا. وعليه، نرى أن المباريات الرياضية التي يمكن حمايتها بموجب حق المؤلف لا توجد أو هي قليلة جدًا."
ما هي مدة حماية الحقوق المجاورة؟,إن مدة حماية الحقوق المجاورة بموجب اتفاقية روما هي 20 عامًا ابتداءً من (المادة 14 من اتفاقية روما): - نهاية سنة تثبيت التسجيل الصوتي أو الأداء المدرج فيه. - نهاية سنة الأداء غير المدرج في تسجيلات صوتية. -نهاية سنة بث البرنامج. وتجدر الإشارة إلى أن معظم التشريعات الوطنية تنص على مدة من الحماية أطول من الحد الأدنى الذي حددته اتفاقية روما.
"ما المقصود بحماية الفولكلور؟ 
","حماية أشكال التعبير الثقافي الشفهي وغير المدون. 
"
ما هو التصميم الصناعي؟,"التصميم الصناعي هو الجانب الزخرفي أو الجمالي من سلعة مفيدة. وقد يتخذ شكلاً مجسمًا مثل هيئة السلعة أو سطحها، أو شكلاً مسطحًا مثل الأنماط أو الخطوط أو الألوان."
ما هو النموذج الصناعي؟,هو المظهر الزخرفي أو الجمالي لسلعة ما. ومـن الممكـن أن يتـألف النموذج الصناعي مـن عناصـر مجسـمة مثـل شـكل السـلعة أو سـطحها أو مـن عناصـر ثنائيـة الأبعـاد مثـل الرسوم أو الخطوط أو الألوان .
لماذا تحظى التصاميم الصناعية بالحماية؟,تمنح حماية التصميم الصناعي صاحب الحماية حق منع الغير من نسخ أو تقليد التصميم الصناعي دون تصريح. وبعبارة أخرى يمكن لصاحب الحق أن يمنع الآخرين من صنع أو استيارد أو تصدير أو بيع أي منتج يتضمن هذا التصميم الصناعي من دون تصريحه.
لمَ تحظى النماذج الصناعية بالحماية؟,• للمساعدة على ضمان عائد عادل من الاستثمار. • لتشجيع المنافسة المشروعة والممارسات التجارية الشريفة ضد النسخ والتقليد. • للمساهمة فـي توسـيع القيمـة التجاريـة للشـركات. فالرسـم أو النمـوذج الصـناعي النـاجح يعتبـر مـن الأصـول التجارية للشركة. • لتشجيع الإبداع في قطاع الصناعات والفنون التقليدية والحرف اليدوية.
كيف يمكن حماية النماذج الصناعية؟,"1 - فـي معظـم البلـدان، لا بـد مـن تسـجيل الرسـم أو النمـوذج الصـناعي حتـى يحظـى بالحمايـة بناء على قانون الرسوم والنماذج الصناعية . وكقاعدة عامة، يجب أن يكون الرسم أو النموذج ""جديـدا"" أو ""أصـليا"" لتسـجيله. وهنـاك اخـتلاف بـين البلـدان بشـأن تعريـف المصـطلحين وبـين إجـراءات التسـجيل نفسـها. وبصـورة عامـة، يعنـي مصـطلح ""جديد"" أن الرسـم أو النمـوذج لـم يسـبقه رسـم أو نمـوذج مطـابق أو مشـابه لـه ومعـروف مـن ذي قبـل. وبمجرد تسجيل الرسم أو النموذج تصدر شهادة بذلك.
2 - وبحسب القانون الوطني المعنـي ونـوع الرسـم أو النمـوذج، يجـوز حمايـة الرسـم أو النمـوذج الصناعي باعتبـاره مصنفا من مصنفات الفنون التطبيقية بموجـب قـانون حـق المؤلـف أيضـا. وفـي بعض البلـدان، يمكـن أن تشـمل الحمايـة الرسـم أو النمـوذج الصـناعي وحـق المؤلـف فـي وقـت واحـد. وفي بلـدان أخـرى، تلغـي الواحـدة الأخـرى، أي أن مالـك الحـق لا يمكنـه أن يتمسـك بنـوع مـن الحمايـة بمجرد اختياره النوع الآخر.
3 - ويمكن حماية الرسم أو النموذج الصـناعي بموجـب قـانون المنافسـة غيـر المشـروعة فـي ظروف معينة."
هل يمكن حماية النموذج الصناعي دون تسجيله؟,"فـي معظـم البلـدان، لا بـد مـن تسـجيل الرسـم أو النمـوذج الصـناعي حتـى يحظـى بالحمايـة."
ما المقصود بأن يكون الرسم الصناعي أصليًا؟,"هنـاك اخـتلاف بـين البلـدان بشـأن تعريـف المصـطلح وبـين إجـراءات التسـجيل نفسـها. وبصـورة عامـة، يعنـي مصـطلح ""جديد"" أن الرسـم لـم يسـبقه رسـم مطـابق أو مشـابه لـه ومعـروف مـن ذي قبـل."
هل يمكن حماية النموذج الصناعي بموجب قانون حق المؤلف؟,"فـي بعض البلـدان يمكـن أن تشـمل الحمايـة النمـوذج او الرسم الصـناعي وحـق المؤلـف فـي وقـت واحـد.
وفي بلـدان أخـرى، تلغـي الواحـدة الأخـرى، أي أن مالـك الحـق لا يمكنـه أن يتمسـك بنـوع مـن الحمايـة بمجرد اختياره النوع الآخر."
ما هو نوع الحماية الممنوحة بموجب النماذج الصناعية؟,تكفل الحماية لصاحب الرسم أو النموذج الصناعي حقًا استئثاريًا بمنع استنساخ أو تقليد الرسم أو النموذج الصناعي من قبل الغير بدون تصريح. وهذا الحق الاستئثاري يتضمن حق صنع واستيراد وتصدير وبيع أي منتج يتضمن هذا الرسم أو النموذج الصناعي. ويمكن لصاحب الرسم أن يرخص أو يسمح للغير باستعمال رسمه أو تصميمه كما يمكنه أن يبيع حقه الاستئثاري للغير.
ما هي الدارة المتكاملة؟,"هو منتج يكون الغرض منه أداء وظيفة إلكترونية، تشكل فيه العناصر – يكون أحدها على الأقل نشطاً – وجميع الوصلات، أو بعضها شكلاً متكاملاً في قطعة من المادة أو عليها، سواءً في شكله النهائي أو الوسيط."
متى يحق لي تقديم طلب شهادة تصميم دارة متكاملة؟,"يجوز طلب تسجيل التصميم لدارة متكاملة إذا لم يكن التصميم قد استغل استغلالًا تجاريٍا بعد ، أو كان موضع استغلال تجاري فترة لا تتجاوز السنتين في أي مكان في العالم ."
ماهي خطوات تقديم طلب شهادة تصميم الدارات المتكاملة؟,"١ -تعبئة نموذج طلب شهادة تصميم تخطيطي لدارة متكاملة المعد لذلك .   ٢ -إرفاق وصف مختصر ودقيق للتصميم، يشتمل على المعلومات التي تعرف الوظيفة  
 الالكترونية التي تؤديها الدارة المتكاملة.    ٣ - إرفاق رسمة أو صورة واضحة للتصميم ، ويمكن استبعاد أجزاء الرسمة أو الصورة المتعلقة بطريقة صنع الدائرة المتكاملة بشرط أن تكون الأجزاء المقدمة كافية لتوضيح التصميم وتحديده.     ٤- إرفاق عينة للدارة المتكاملة إذا كانت موضع استغلال تجاري، في حال طلب الهيئة لها.   ٥- يجب أن تكون الوثائق المقدمة نسخة أصلية أو مصدقا عليها من الجهات ذات الاختصاص.     ٦- سداد المقابل المالي للإيداع.     ٧- يجب على مقدم الطلب أن يستوفي كل ما تطلبه الهيئة مما له علاقة بالطلب."
هل يحق لي رفع شكوى على سرقة تصميم دارة؟,"يحق لمالك الشهادة رفع شكوى عدا في حال ان من باشرها أو أمر بالقيام بها لم يكن يعلم أو لـيس لديـه أسـباب معقولـة للعلم- عنــد حصــوله علــى الــدارة المتكاملــة ، أو الســلعة المتضــمنة لهــذه الــدارة بأنها
تحتـوي علـى تصـميم منسـوخ بطريقـة غيـر مشـروعة
إلا انه يجب ان يدفع لمالك شهادة التصميم تعويضات عادلة تقدرها اللجنة."
ما هو تصميم الدارة المتكاملة؟,"هو الترتيب الثلاثي الأبعاد لعناصر دارة متكاملة – على أن يكون أحد تلك العناصر على الأقل نشطاً -، ولجميع الوصلات، أو بعضها، أو الترتيب الثلاثي الأبعاد المعد لدارة متكاملة بغرض التصنيع."
كم مدة حماية شهادة تصميم الدارة المتكاملة؟,"مدة حماية شهادة التصميم عشر سنوات من تاريخ إيداع الطلب, أو عشر سنوات من تاريخ بدء استغلاله تجارياً في أي مكان في العالم, وفي كل الأحوال لايجوز أن تتعدى مدة الحماية خمس عشرة سنة من تاريخ التوصل إلى التصميم."
ما هي البراءة ؟,"البراءة هي مستند تمنحه السلطات المختصة (عادة مكتب البراءات )، بناء لطلب يتم إيداعه لديها يصف الاختراع . وينتج عن هذا المستند وضع قانوني يمنع الغير من استغلال هذه البراءة من دون تصريح صاحبها. بمعنى أخر، فإن البراءة تحمي الاختراع وتمنح صاحبه حقاً استئثارياً باستغلاله لمدة محددة. أما الاختراع فيمكن تعريفه بأنه حل جديد لمشكلة تقنية ما."
متى بدأ العمل بنظام البراءات ؟,لقد تم تطوير هذا النظام خلال عدة قرون. نجد براءات يرجع تاريخها إلى حوالى العام 1700. لقد تطور النظام في السنوات الماضية ونحن الآن نملك نظاماً حديثاً جداً ولا نزال نعمل على تطوير النظام العالمي وتحديثه ومواءمته مع التغيرات التكنولوجي والتطور الاقتصادي.
,
ما ھي أنواع الاختراعات التي يمكن حمايتھا بواسطة البراءة؟,توفر الاتفاقات الدولية الحماية بواسطة البراءات لكل الاختراعات (المنتجات والعمليات) التي يتم تطويرها في كل المجالات التقنية. فالتركيبة الكيمائية يمكن أن تحصل على البراءة وكذلك الآلات وعمليات تطوير أو تحسين أو صنع الأشياء.
ما ھي الميزات التي يجب أن تتوفر في الاختراع حتى يكون قابلاً للحصول على البراءة ؟,"هناك عدة ميزات يبحث عنها مكتب البراءات ليعتبر الاختراع قابلاً للحصول على البراءة. في البدء، لا بد من إيداع طلب البراءة . في معظم الحالات يقوم خبير فني بفحص هذا الطلب للتأكد من أنه مستوف للمعايير الموضوعية المطلوبة لاستصدار البراءة. أول هذه المعايير هي أن يكون الاختراع جديداً، بمعنى أنه يجب ألا يكون قد تم صنعه أو تنفيذه أو استخدامه من قبل. المعيار الثاني هو ضرورة وجود نشاط ابتكاري، بمعنى أن الاختراع يجب أن يمثل تقدماً كافياً في حالة التقنية الصناعية السابقة حتى يعتبر مستحقاً للبراءة. المعيار الثالث هو أن الاختراع يجب أن يكون قابلاً للتطبيق الصناعي، أي للاستخدام بطريقة ما."
ما هي الاستثناءات المتعلقة بأنواع الأشياء التي لا يشملها نظام البراءات؟,"الأشياء الموجودة في الطبيعة التي تكتشف ولا تخترع. فلا يمكن منح البراءة مثلاً لشخص اكتشف كوكباً جديدًا. الآلات التي تتحدى قوانين الطبيعة مثل آلة الحركة المستمرة. النظريات العلمية والقواعد الحسابية. المخططات، والقواعد والأساليب ولا سيما الأساليب التجارية وتلك التي تتعلق بالنشاط العقلي والألعاب. طرق التشخيص والعلاج والجراحة اللازمة لمعالجة البشر والحيوانات. (المنتجات المستخدمة في التشخيص يمكن أن تحصل على البراءة ). النباتات والحيوانات، خلاف الأحياء الدقيقة، والطرق البيولوجية أساساً لإنتاج النباتات والحيوانات، خلاف الأساليب والطرق غير البيولوجية والبيولوجية الدقيقة."
ما هي فوائد البراءة طالما أنها تؤدي إلى الكشف عن الاختراع ؟,الإجابة العامة هي أنه خلال مدة الحماية يحق لمالك البراءة منع الآخرين من صنع أو استخدام أو بيع أو استيارد الاختراع المحمي بموجب هذه البراءة . ولكن يحق له أن يتنازل عن حقوقه (يبيعها) للغير أو أن ينشئ عقود ترخيص تسمح للغير باستغلال اختراعه.
ھل يمكنك أن تلخص ما ھي فوائد الحصول على البراءة؟,تقنيًا وبصورة خاصة جدًا تكمن فوائد البراءة في كونها تعطي لصاحبها الحق بمنع الآخرين من صنع أو استخدام أو بيع أو استيراد الاختراع في الإقليم الذي تغطيه. وهذا لا يعطي بالضرورة المخترع أو صاحب البراءة الحق في استخدام الاختراع إذا اتضح مثلاً أن هذا الاستخدام غير قانوني (كما هي الحال بالنسبة إلى استخدام آلة القمار مثلاً) ولكنه يعطيه الحق في منع الآخرين من تسويق الاختراع والاستفادة منه خلال فترة زمنية محددة.
كم مدة حماية البراءة؟,مدة الحماية هي على الأقل 20 عاما منذ تاريخ ايداع طلب البراءة
هل تنطبق مدة الحماية لـ 20 عاماً على كل بلدان العالم؟,"نعم، إن مدة الحماية وبموجب اتفاقية دولية هي على الأقل 20 عاماً منذ تاريخ إيداع طلب البراءة ."
من يتمتع بحق منع الآخرين من تنفيذ أو استخدام أو بيع أو استيراد اختراع ما؟,يتمتع صاحب البراءة بحق منع الآخرين من تنفيذ الاختراع موضوع البراءة أو استخدامه أو بيعه أو استيراده. ويمكنه منع تسويق الاختراع وبيعه ولكن هذا الحق لا يطبق إلا في البلدان التي منحت البراءة.
ھل بالإمكان الحصول على براءة عالمية؟,"لا، لا يمكن ذلك في ظل نظام البراءات العالمي الحالي حيث لا توجد براءة واحدة تغطي كل بلدان العالم أو حتى عددا كبيرًا من البلدان في العالم. فنظام البراءات لا يزال نظاماً إقليميا؛ ولحماية اختراع ما في بلد معين ينبغي الحصول على براءة في هذا البلد. لكن يوجد اتفاق دولي تديره الويبو ويسمى معاهدة التعاون بشأن البراءات وهو يتناول إجراءات الإيداع والبحث والنشر والفحص للطلبات الدولية. وهذه المعاهدة تسهل الحصول على البراءات في الدول المتعاقدة إذ تنص على إيداع طلب دولي واحد ومتابعته في المكاتب الوطنية أو الإقليمية المختلفة للدول الأعضاء المعينة التي يعود لها وحدها وفق أحكام هذه المعاهدة أن تمنح البراءات."
هل تدفع الرسم السنوي في كل بلد تريد أن يسري فيه مفعول البراءة؟,"هذا صحيح. إذا كنت تملك براءات في عشر دول، عليك أن تدفع رسوم الحفاظ عليها في كل بلد من هذه البلدان العشرة، وٕإذا تخلفت عن الدفع في أحد هذه البلدان فسوف يسقط حقك بالحماية التي توفرها البراءة ."
"ھل توجد طرق أخرى لحماية الاختراع، إذا كنت، لسبب أو لآخر، لا ترغب بالحصول على البراءة؟","إن البراءة هي أكثر الطرق فعالية لحماية الاختراع ولكن وكما ذكرت سابقا يتم منح البراءات مقابل قيام المخترع بالكشف الكامل عن الاختراع للجمهور. توجد طريقة أخرى فعالة للحصول على الحماية هي الاحتفاظ بسرية التقنية المستعملة من خلال اللجوء إلى ما يعرف بالأسرار التجارية التي يمكن بفضلها الاحتفاظ بسرية المعلومات التي تخص الاختراع. ولكن المشكلة في هذا النوع من الحماية أنه حالما يتم طرح المنتج في السوق يمكن تفكيكه وفحصه وتحليله واكتشاف السر وهذا يؤدي بالطبع إلى فقدان الحماية. أما في حالة البراءة ، فلا يهم أن يعرف الآخرون كيف يصنع المنتج من البراءة ، لأنه في الحقيقة يكفي قراءة طلب البراءة وبالتالي لا يهم أن تكون المعلومات مكشوفا عنها أو لا، لأنك عندما تحصل على البراءة فسوف تتمتع بالحماية. أما الحماية بواسطة الأسرار التجارية فهي متاحة دائمًا ويمكن أن تكون نافعة جدًا في مجال الدراية العملية، أي الخبرة التقنية الضرورية لاستخدام تقنية ما بأكبر فعالية."
"ھل توجد طرق أخرى لحماية الاختراع، إذا كنت لا ترغب بالحصول على البراءة؟",
ما هي براءات الاختراع؟,البراءة حق استئثاري يمنح نظير اختراع يكون منتجاً أو عملية تتيح طريقة جديدة لإنجاز عمل ما أو تقدم حلا تقنيا جديدا لمشكلة ما.
كيف تحمي اختراعاتك؟,أكثر الطرق شيوعًا وأكثرها فعالية لحماية الاختراع هي من خلال الحصول على براءة. والبراءة تمنح من قبل مكتب البراءات في البلد المطلوب حماية الاختراع فيه. ومقابل حصوله على الحقوق الاستئثارية يلتزم المخترع بالكشف عن المعلومات المتعلقة بالاختراع للجمهور.
ما هي شروط حماية الاختراع؟,"• يجب أن يكون جديدًا بحيـث يبـين بعـض الخصـائص الجديـدة غيـر المعروفـة فـي مجموعـة المعــارف المتـــوافرة فـــي مجالــه التقنـــي. ويطلــق علـــى مجموعــة المعـــارف تلـــك اســم (حالـــة التقنيـــة الصـــناعية السابقة )  . 
• ويجـب أن يبـين الاختـراع نشـاطا ابتكاريـاً لا يمكـن لأي شـخص لـه معرفـة متوسـطة فـي المجـال التقنـي استنتاجه. 
• فلا بد أن تكون له فائدة عملية وأن يكون قابلاً للتطبيق الصناعي. 
• وفي الأخير، يجب أن يكون الموضوع (أهلا للبراءة ) بموجـب القـانون. 
"
هل يمكن حماية الاختراع مع الحفاظ على أسراره التقنية؟,"نعم، تسمح الحماية بموجب الأسرار التجارية بالمحافظة على الطبيعة السرية للمعلومات وعلى عدم الكشف عن هذه 
المعلومات لأشخاص غير مصرح لهم."
كيف تمنح البراءة؟,"تشمل المرحلة الأولى من إجراءات الحصول على براءة إيداع طلب براءة. ويتضمن الطلب اسم الاختراع وبيانا بمجاله التقني عامة. ومن الضروري أن يشمل الطلب خلفية الاختراع ووصفا له بلغة واضحة 
وتفاصيل كافية لأي شخص له معرفة متوسطة في المجال كي يستعمل الاختراع أو ينفذه. وتكون تلك الأوصاف عادة مرفقة بمواد مرئية مثل الر سوم أو التصاميم أو الرسوم البيانية لوصف الاختراع بشكل أفضل. ويشمل الطلب عدة ""مطالب"" أيضا، أي المعلومات التي تحدد نطاق الحماية الممنوحة بموجب البراءة."
أين يجـري إنفـاذ الحقـوق فـي البـراءة؟,عـادة أمـام المحـاكم التـي لهـا صـلاحية وقـف التعـدي علـى البـراءات فـي معظم الأنظمة.
ما هي حقوق مالك البراءة؟,"لمالك البراءة الحق في تقرير من الـذي يجـوز لـه أو لا يجـوز لـه الانتفـاع بالاختراع المشمول بالبراءة خلال مدة حماية الاختراع. ويجوز لمالك البـراءة التصريح للغيـر أو التـرخيص له بالانتفاع بالاختراع وفقا لشروط متفق عليها.
ويجـوز لمالـك البـراءة أيضـا بيـع حقـه فـي الاختـراع لشـخص آخـر يصـبح بـذلك مالـك البـراءة الجديـد. وعنـد انقضاء مدة البـراءة، تنتهـي الحمايـة ويـؤول الاختـراع إلـى الملـك العـام. وهـذا يعنـي أن مالـك البـراءة لـم يعـد يتمتع بالحقوق الاستئثارية في الاختراع الذي يصبح في متناول الغير لاستغلاله في التجارة."
ما هو الغرض من حماية الاختراعات بموجب البراءات؟,للبراءات دور حافز للأفراد بالاعتراف بإبداعهم ومكافأتهم ماليا لاختراعاتهم التي يمكن تسويقها. وتشجع تلك الحوافز على الابتكار الذي يضمن تحسن نوعية الحياة البشرية باستمرار.
ﻣﺎ ﻫﻲ اﻟﻣﻠﻛﻳﺔ اﻟﻔﻛرﻳﺔ ؟,"تعني الملكية أن ﻟﻠﻣﺎﻟك اﻟﺣرﻳﺔ اﻟﻣطﻠﻘﺔ ﻓﻲ اﺳﺗﻌﻣﺎﻝ ﻣﻠﻛﻳﺗﻪ أو ﻓﻲ ﻣﻧﻊ اﻵﺧرﻳن ﻣن اﺳﺗﻌﻣﺎﻟﻬﺎ وذﻟك ﻓﻲ ﻧطﺎق ﻣﺎ ﻳﺳﻣﺢ ﺑﻪ اﻟﻘﺎﻧون. وﻳﻘﺗﺻر اﺳﺗﻌﻣﺎﻝ ﻣﺻطﻠﺢ ""اﻟﻣﻠﻛﻳﺔ اﻟﻔﻛرﻳﺔ"" ﻓﻲ أﻳﺎﻣﻧﺎ اﻟﺣﺎﺿرة ﻋﻠﻰ أﻧواع اﻟﻣﻠﻛﻳﺔ اﻟﺗﻲ ﻳﺑدﻋﻬﺎ اﻟﻔﻛر اﻹﻧﺳﺎﻧﻲ."
ما هي الحقوق المتعلقة بالملكية الفكرية؟,ﺑﺣﺳب اﻟﻔﻘرة اﻟﺛﺎﻣﻧﺔ ﻣن اﻟﻣﺎدة اﻟﺛﺎﻧﻳﺔ ﻣن اﺗﻔﺎﻗﻳﺔ إﻧﺷﺎء اﻟﻣﻧظﻣﺔ اﻟﻌﺎﻟﻣﻳﺔ ﻟﻠﻣﻠﻛﻳﺔ اﻟﻔﻛرﻳﺔ فتشمل هذه الحقوق ﻣﺎ ﻳﻠﻲ: - اﻟﻣﺻﻧﻔﺎت اﻷدﺑﻳﺔ واﻟﻔﻧﻳﺔ واﻟﻌﻠﻣﻳﺔ. - إﻧﺟﺎزت اﻟﻔﻧﺎﻧﻳن اﻟﻘﺎﺋﻣﻳن ﺑﺎﻷداء واﻟﻔوﻧوﻏراﻣﺎت واﻟﺗﻠﻔزﻳون. - اﻻﺧﺗراﻋﺎت ﻓﻲ ﺟﻣﻳﻊ ﻣﺟﺎﻻت اﻻﺟﺗﻬﺎد الإنساني. - الاكتشافات اﻟﻌﻠﻣﻳﺔ. - اﻟﺗﺻﺎﻣﻳم اﻟﺻﻧﺎﻋﻳﺔ. - العلامات اﻟﺗﺟﺎرﻳﺔ وعلامات الخدمة والأسماء والسمات التجارية. - الحماية من المنافسة غير المشروعة. وجميع الحقوق الأخرى الناتجة عن النشاط الفكري في المجالات الصناعية والعلمية والأدبية والفنية.
أي مجال من مجالات الملكية هو المجال المناسب لحماية ما يلي: تود إحدى الشركات أن تضمن عدم استخدام أية جهة أخرى لشعار الشركة؟,العلامات التجارية.
أي مجال من مجالات الملكية هو المجال المناسب لحماية ما يلي: تود إحدى المغنيات التنازل عن حق إنتاج تسجيل فيديو لحفل غنائي خاص بها؟,الحقوق المجاورة لحق المؤلف.
أي مجال من مجالات الملكية هو المجال المناسب لحماية ما يلي: طريقة جديدة لمعالجة اللبن صناعياً بحيث لا تحتوي الأجبان المصنوعة منه على دسم؟,براءات الاختراع.
أي مجال من مجالات الملكية هو المجال المناسب لحماية ما يلي: قررت إحدى الشركات اعتماد شكل جديد للتعبئة يتمتع بمظهر مميز وتود أن تضمن أنها الجهة الوحيدة التي تنفرد باستخدام هذا الشكل؟,التصاميم الصناعية.
أي مجال من مجالات الملكية هو المجال المناسب لحماية ما يلي: قررت إحدى الشركات استخدام شعار يشبه من حيث الشكل شعار شركة منافسة ولكن له لونا مختلفا؟,المنافسة غير المشروعة.
لماذا الاهتمام بحقوق الملكية الفكرية ؟,"السبب الأول للاهتمام بحماية الملكية الفكرية هو الرغبة في تأمين العدالة التي تسمح لأي شخص بذل جهدًا ووقتا في ابتكار عمل ما بأن ينتفع ماديًا من عمله هذا. والسبب الثاني هو أن الحماية الممنوحة للملكية الفكرية تشجع المبدعين كثيرًا على القيام بمزيد من الابتكارات، نظرًا للمردود المادي لأعمالهم هذه فتنمو بذلك وتزدهر الصناعات والشركات القائمة على تلك الابتكارات."
"أي مجال من مجالات الملكية هو المجال المناسب لحماية المصنفات الأدبية والفنية والعلمية؟ 

","حماية هذا النوع من الملكية ترعاه قوانين حق المؤلف. 
"
"أي مجال من مجالات الملكية هو المجال المناسب لحماية الكتب؟ 
","حماية هذا النوع من الملكية ترعاه قوانين حق المؤلف. 
"
"أي مجال من مجالات الملكية هو المجال المناسب لحماية الأداء والبث الإذاعي والتلفزيوني؟ 
","حماية هذا النوع من الملكية ترعاه قوانين الحقوق المجاورة لحق المؤلف. 
"
أي مجال من مجالات الملكية هو المجال المناسب لحماية الحفلات الموسيقية؟,"حماية هذا النوع من الملكية ترعاه قوانين الحقوق المجاورة لحق المؤلف. 
"
"أي مجال من مجالات الملكية هو المجال المناسب لحماية الاختراعات؟ 
","حماية الاختراعات تتم بواسطة قوانين البراءات. 
"
"أي مجال من مجالات الملكية هو المجال المناسب لحماية التصاميم الصناعية؟ 
","حماية التصاميم الصناعية تتم بواسطة التشريعات الخاصة بها أو من خلال قوانين الملكية الصناعية أو من خلال قانون حق المؤلف. 
"
"ما الأسباب التي تدفع الدول لسن تشريعات وطنية وللتوقيع على اتفاقيات إقليمية أو دولية في مجال حقوق الملكية الفكرية؟ 
","تشجيع الإبداع الفكري من خلال توفير الحماية له؛ الاعتراف الرسمي بالمبدعين؛ خلق بنوك للمعلومات تتضمن معلومات حيوية؛ تسهيل نمو الصناعة والثقافة المحلية والتجارة الدولية من خلال المعاهدات التي تقدم الحماية المتعددة الأطراف.
"
ما هي المواقع الجيدة لمصادر معلومات الملكية الفكرية؟,للتعمق في هذا الموضوع وللمزيد من المراجع يمكن زيارة الموقعين التالين https://www.wipo.int/about-ip/en والموقع http://www.wipo.int/ar/treaties/index.html
ما هي إجراءات إنفاذ حقوق الملكية الفكرية؟,"ينص اتفاق تريبس ومعه القوانين الوطنية على مجموعة من آليات الإنفاذ الفعالة هي: • التدابير المؤقتة، كالبحث ومصادرة السلع التي يشتبه في أنها متعدية والمعدات المستخدمة في صنع هذه السلع. • الإجراءات المدنية كدفع التعويضات المالية وإتلاف السلع المتعدية. • الأوامر القضائية لكف التعدي الحاصل أو لتفادي حصوله. • الإجراءات الجنائية كالحبس والغرامة، • التدابير الحدودية لوقف الإفراج عن السلع المستوردة التي يظن أنها منتحلة ومنع تداولها."
ماذا أفعل إذا اكتشفت وجود تعدٍ على حقوق الملكية الفكرية الخاصة بي؟,"في حال اكتشفت أنه تم التعدي على حقوق الملكية الفكرية الخاصة بك، ننصحك باللجوء إلى محامي أو مؤسسة مختصة بإنفاذ الحقوق في بلدك."
كيف يحمي أصحاب المعارف التقليدية مصالحهم داخل نظام الملكية الفكرية؟,"يسعى العديد من أصحاب المعارف التقليدية إلى إدراج المعارف التقليدية وأشكال التعبير الثقافي في إطار من التنمية الاقتصادية والاجتماعية المستدامة، من خلال اللجوء إلى مختلف تهج الملكية الفكرية، بما في ذلك قوانين البراءات والعلامات التجارية وحق المؤلف. ويستعين أصحاب المعارف التقليدية كذلك بما يسمى بالقوانين الخاصة أو المصاغة خصيصا لحماية المعارف التقليدية، أو أشكال التعبير التقليدي الثقافي، أو الفلكلور، حيث وجدت."
ما هي الموارد الوراثية المرتبطة بالملكية الفكرية؟,"الموارد الوراثية ذات القيمة الفعلية أو المحتملة، بما فيها عناصر التنوع البيولوجي في وضعها الطبيعي، والأصناف والسلالات الحديثة أو التقليدية المستخدمة في الزراعة، والأصول الوراثية الخاصة"
لماذا ترتبط مسألة الموارد الوراثية بالملكية الفكرية؟,"يمكن أن تساهم الموارد الوراثية مساهمة مهمة في البحث والتطوير الابتكار منتجات جديدة، وذلك في عدد متزايد من القطاعات التكنولوجية والصناعية. ومن المسائل البالغة الأهمية في هذا الصدد، شروط النفاذ إلى الموارد الوراثية، والتزام موفري الموارد الوراثية بمبدأ الموافقة المسبقة والمستنيرة، وما يترتب على ذلك من تدابير لاقتسام المنافع التي يثرها استخدام الموارد الوراثية وتنميتها."
كيف ترتبط مسألة الموارد الوراثية بالملكية الفكرية؟,"أتاحت القوانين الدولية وعدد من القوانين واللوائح الإقليمية والوطنية ودون الوطنية، وضع إطار التطبيق مبدأ الموافقة المسبقة والمستنيرة للنفاذ إلى الموارد الوراثية، وتحديد شروط هذا النفاذ، لا سيما ضمان استخدام هذه الموارد استخدامة مستدامة واقتسام منافعه بإنصاف. وتشمل العناصر الرئيسية من القانون الدولي، اتفاقية التنوع البيولوجي والمعاهدة الدولية بشأن الموارد الوراثية النباتية للأغذية والزراعة التابعة لمنظمة الأغذية والزراعة. وفي إطار الاتفاقات المبرمة بشأن النفاذ إلى الموارد الوراثية واقتسام المنافع والنظم القانونية التي تتيح هذا النفاذ، تكتسي التدابير الخاصة المتصلة بإدارة الملكية الفكرية أهمية بالغة لأنها تضمن مراعاة هذه الاتفاقات لضرورة أن يعود النفاذ إلى الموارد الوراثية بمنافع محددة، وتكفل الاقتسام المنصف لهذه المنافع والاحترام التام لمصالح ومشاغل موفري هذه الموارد."
لماذا حماية الأصناف النباتية الجديدة؟,يهدف نظام حماية الأصناف النباتية الجديدة إلى تشجيع تطوير أصناف جديدة من النباتات لصالح المجتمع. ويقتضي استولاد أصناف نباتية جديدة استثمارا هائلا من حيث المهارات واليد العاملة والموارد المادية والمال والوقت. ومنح مستولدي النباتات حقوقة استئثارية يعتبر حافزا لتطوير الزراعة والبستنة والحراجة.
كيف يمكن حماية الأصناف النباتية الجديدة؟,إن الاتفاقية الدولية لحماية الأصناف النباتية الجديدة (اتفاقية الأويوف) تمنح مستولدي النباتات حق الملكية الفكرية على إنجازاتهم وذلك على أساس مجموعة واضحة من المبادئ. أما الدول الأعضاء في منظمة التجارة العالمية فهي ملزمة بموجب اتفاق تريبس بحماية الأصناف النباتية الجديدة بواسطة نظام البراءات أو بواسطة تشريع خاص بالنباتات أو من خلال الجمع بين هاتين الطريقتين. (م.27-3(ب)).
ما هي شروط حماية صنف نباتی جدید؟,"بموجب وثيقة 1991 للاتفاقية الدولية لحماية الأصناف النباتية الجديدة، يجب أن يكون الصنف: 1 - جديدة، مما يسمح بالتأكد من أن الصنف لم يتم استغلاله تجاريا. 2 - مميزة، أي يمكن تمييزه بوضوح عن أي صنف آخر يكون وجوده معروفا علانية في تاريخ إيداع الطلب. 3 - متجانسنا، أي متماثلا بما فيه الكفاية في خصائصه الأساسية، مع مراعاة الاختلاف المتوقع باعتبار ظروف كيفية تكاثره. (إستيلاد أو تكاثر). 4 - ثابتا، أي لا تتغير صفاته الأساسية إثر تكاثره المتتابع، أو في نهاية كل دورة خاصة للتكاثر. 5 - ومعينا بتسمية تسمح بتعريف الصنف."
ما هي حقوق مستولد النباتات؟,بموجب وثيقة 1991 للاتفاقية الدولية لحماية الأصناف النباتية الجديدة التي تحدد نطاق حق مستولد النباتات فإنه يتعين على مستولد النباتات الحصول على تصريح مسبق لمباشرة الأعمال فيما يتعلق بما
هل يمكن لمستولد النباتات أن يمارس حقه على المواد المحصودة؟,"في حال لم تتح الفرصة لمستولد النباتات لكي يمارس حقه في ما يتعلق بمواد التوالد أو التكاثر المذكورة، وتم استولاد الأصناف من دون تصريحه، فإنه بإمكان مستولد النباتات أن يمارس حقه على المواد المحصودة."
كيف يمكن لمستولد النباتات أن يعوض استثماره؟,يعوض مستولد النباتات استثماره من خلال الإتاوات التي يفرضها على الأشخاص الذين يصرح لهم بمباشرة الأعمال المذكورة سابقا ومن خلال الإتاوات التي يتضمنها سعر البذور التي يبيعها للمزارعين.
إلى أي حد يمكن استخدام صنف محمي دون الحصول على تصريح؟,"الحالات المستثناة من التصريح هي: • الأعمال المباشرة لأغراض شخصية غير تجارية. • الأعمال المباشرة على سبيل التجربة. • الأعمال المباشرة من أجل استولاد أصناف جديدة، إلا عندما يتعلق الأمر بالأصناف المشتقة وبعض الأصناف الأخرى التي لا يمكن استغلالها قبل الحصول على تصريح مستولد النباتات الأول."
ما هي مدة حق مستولد النباتات؟,إن الحد الأدنى للحماية بحسب وثيقة 1991 للاتفاقية هو: . 25 عاما للأشجار والكروم. . 20 عاما للنباتات الأخرى.
ما هو نطاق حماية الأصناف النباتية الجديدة؟,"كما هو الحال بالنسبة لنظم الحماية الأخرى، فإن كل بلد يمنح الحماية على حدة لمستولد النباتات الذي يرغب في حماية صنفه الجديد في هذا البلد. وتجيز اتفاقية الأوبوف إقامة نظم فوق وطنية للحماية تسمح بتخفيض النفقات والجهود المبذولة لحماية الصنف في عدة بلدان. ومن الأمثلة المكتب الأوروبي لحماية الأصناف النباتية الجديدة."
هل يمكن حماية صنف نباتي جديد يكتشف في منطقة برية؟,لا يمكن حماية صنف نباتي جديد يكتشف في منطقة برية ولا حماية قوانين الطبيعة.
ما ھي العلامة التجارية؟,العلامة التجارية هي إشارة تستعمل لتمييز سلع وخدمات مشروع ما عن غيرها من السلع والخدمات.
ما ھي الخصائص التي يجب أن تتوفر في العلامة التجارية ؟,يوجد خاصيتان أساسيتان يجب أن تتوافرا في العلامة التجارية هما: أن تكون مميزة وألا تكون خادعة.
ما هي مدة حماية العلامة التجارية؟,"تختلف مدة الحماية (هي عادة عشر سنوات)، ولكن يمكن تجديد الحماية إلى ما لا نهاية من خلال دفع الرسوم."
كيف تسجل العلامة التجارية ؟,يمكنكم تقديم طلب تسجيل العلامة التجارية الخاصة بكم عبر الرابط التالي: https://t.co/nOy7lvjaxW
ما هي شروط تسجيل العلامة التجارية؟,يمكنكم الاطلاع على النظام و اللائحة التنفيذية لنظام العلامات التجارية على الرابط التالي : https://t.co/6z0nBgA7hv
ﻤﺎ ﻫﻲ ﻓﺌﺎت العلامات التجارية؟,يمكنكم التواصل معنا عبر البريد الإلكتروني التالي: saip@saip.gov.sa وسيتم إرسال ملف تصنيف الفئات لكم.
ما هو الغرض من حماية العلامات التجارية؟,"يرتكز مفھوم حماية العلامات التجارية، سواءً كانت مسجلة أم لا على الأساسين التاليين:الأول وھو أن العلامة التجارية توفر لرجال الأعمال وسيلة فعالة لمنع أعمال المنافسة التي تتم من خلال خلق الالتباس في ذھن المستھلكين إذ تجعلھم يعتقدون أنھم يشترون سلعاً وخدمات معروفة في حين انهم يشترون سلعاً وخدمات مقلدة وأقل جودة. وتقود أعمال التقليد هذه إلى زعزعة ثقة المستهلك بمنتجات صاحب العلامة وتلحقق ضرراً كبيراً بسمعته في السوق."
ما هو الفرق بين العلامة التجارية والتصميم الصناعي؟,"الفرق الأساسي بين التصميم الصناعي والعلامة التجارية هو أن التصميم الصناعي يجب أن يتحقق فيه أولاً الجانب الزخرفي دون جانب التمييز بالضرورة الذي هو شرط أساسي لحماية العلامات التجارية. أما العلامة التجارية، وبالرغم من أنها تتكون من مختلف أنواع الرموز الظاهرة، الزخرفية منها أو غير الزخرفية، فيجب أن تكون دائمًا مميزة، أي بعبارة أخرى يجب أن تكون دائمًا قادرة على تمييز سلع شركة أو خدماتها عن سلع غيرها من الشركات وخدماتها. ومن هنا فإن وظائف ومسوغات حماية التصاميم الصناعية تختلف عن وظائف ومسوغات حماية العلامات التجارية."
ﻤﺎ ﻫو اﺴم الحقل وﻤﺎ ﻋﻼﻗﺘﻪ ﺒﺎلعلامة التجارية؟,هو عنوان موقع الكتروني معد لتيسير تحديدة وحفظه على الأنترنت.فمثلاً wipo.int يستعمل لتحديد موقع الويبو على الشبكة www.wipo.int وتتألف أسماء الحقول في بعض الأحيان من علامات تجارية.ويحصل أن يبادر أحياناً أشخاص غير صاحب العلامة إلى تسجيل هذة العلامة كأسم حقل بسوء نية .وﻴطﻠق ﻋﻠﻰ ﻫذا التصرف اﺴم السطو الألكتروني.
ما اذا كانت تحظى العلامات التجارية غير المسجلة بالحماية؟,"من الممكن اللجوء إلى الحماية التي تمنحها قوانين المنافسة غير المشروعة، لكن في هذه الحالة يجب أن تكون العلامة ذات سمعة معروفة."
